Gender,total_purchase,average_purchase
F,1164624021,8809.761348593387
M,3853044357,9504.771712960679
